Symbol,DATE,Open Price,Prev Close,High Price,Low Price,Last Price,Close Price,Average Price,Total Traded Quantity,Turnover,No. of Trades
RELIANCE,13-Apr-2016,1052.55,1047.4,1069.9,1052.55,1064.6,1066.05,1060.03,3666141,3886222311.15,96144
RELIANCE,18-Apr-2016,1065.8,1066.05,1066.8,1055.4,1063.05,1064.75,1061.15,4358102,4624603231.85,72390
RELIANCE,20-Apr-2016,1069.2,1064.75,1069.2,1035.8,1037.15,1037.3,1044.82,4957497,5179668392.85,159487
RELIANCE,21-Apr-2016,1041.4,1037.3,1052,1035,1039.5,1041.15,1042.52,2601436,2712047918.65,65460
RELIANCE,22-Apr-2016,1039,1041.15,1047.5,1029.3,1040.5,1038.95,1039.15,2675586,2780346365,83568
RELIANCE,25-Apr-2016,1044.45,1038.95,1044.45,1012.3,1014.55,1016.9,1019.84,13979586,14256999657.8,154748
RELIANCE,26-Apr-2016,1015.4,1016.9,1023.9,1007.5,1014.3,1016.95,1013.25,6041279,6121324711.65,91302
RELIANCE,27-Apr-2016,1017.9,1016.95,1025.95,1016,1018.45,1019.4,1021.78,3315060,3387251623.8,134641
RELIANCE,28-Apr-2016,1014,1019.4,1019.2,990.95,993.5,996.7,1005.46,14160507,14237803965.8,145782
RELIANCE,29-Apr-2016,993.45,996.7,998.55,978.85,980.9,982.7,987.1,5367060,5297844665.95,146902
RELIANCE,02-May-2016,979,982.7,992.4,978,987,986.95,986.75,2427753,2395582308.4,71546
RELIANCE,03-May-2016,988,986.95,994.95,972.75,975,975.8,982.83,4016624,3947642760,128285
RELIANCE,04-May-2016,974.05,975.8,983.7,973,976,978.1,979.17,3096453,3031966774.85,70953
RELIANCE,05-May-2016,980,978.1,983.45,970.9,974.9,975.25,976.77,4952411,4837354464.95,107343
RELIANCE,06-May-2016,973,975.25,976.8,967,969.15,968.95,971.08,3371220,3273738348.85,72457
RELIANCE,09-May-2016,975,968.95,986,972.8,983.3,983.1,981.2,3508088,3442124767.35,79373
RELIANCE,10-May-2016,983.1,983.1,984.7,978,982.3,982.55,981.5,1656840,1626181209.4,44767
RELIANCE,11-May-2016,971.8,982.55,980.75,970,974.1,975.4,976.47,2820699,2754314213.6,50564
RELIANCE,12-May-2016,976,975.4,994.2,975.05,993,992.8,986.82,2922714,2884182557.55,68535
RELIANCE,13-May-2016,988.95,992.8,990.55,975,975.95,978.15,981.35,3348353,3285903492.8,82572
RELIANCE,16-May-2016,977,978.15,982.5,971.1,974.5,975.95,976.4,2132072,2081760478.55,46086
RELIANCE,17-May-2016,980.25,975.95,983.1,966.35,967.45,969.15,973.96,2779023,2706668840.05,85318
RELIANCE,18-May-2016,965.9,969.15,972.5,964.1,970.05,970.55,969.99,1880974,1824529636.55,44676
RELIANCE,19-May-2016,971.7,970.55,971.9,945.6,947.35,951.2,960.71,2088058,2006009103.3,45052
RELIANCE,20-May-2016,952,951.2,954.5,931.35,933.4,934.2,943.02,4238988,3997447796.5,126939
RELIANCE,23-May-2016,937.35,934.2,940.7,925.65,931.1,930,932.46,4198098,3914538268,119010
RELIANCE,24-May-2016,928.05,930,944,928.05,941,940.45,939.86,2807737,2638876532.3,85430
RELIANCE,25-May-2016,949.85,940.45,952.8,941.15,949.65,951.2,948.1,2112135,2002517641.5,52041
RELIANCE,26-May-2016,950,951.2,952.4,944.1,947.3,946.85,947.62,3243601,3073707523.25,81624
RELIANCE,27-May-2016,949.05,946.85,976.9,948.75,973.1,974.7,966.82,3063379,2961741218.85,67215
RELIANCE,30-May-2016,976.4,974.7,981.5,965,965.8,968.7,972.17,2202091,2140805460.6,62587
RELIANCE,31-May-2016,969,968.7,973,956.5,959,957.85,959.97,5333469,5119973489.05,104315
RELIANCE,01-Jun-2016,957.95,957.85,966.1,951.8,952.7,953.6,959.2,2067034,1982696121.6,53205
RELIANCE,02-Jun-2016,954.5,953.6,957.15,945.1,955.35,956.25,950.47,2343852,2227760801.15,84845
RELIANCE,03-Jun-2016,960,956.25,962.9,955.85,958.75,959.65,959.64,1975712,1895977556.7,61330
RELIANCE,06-Jun-2016,961,959.65,963,952.55,954.45,954.8,956.96,1982466,1897147292.9,64201
RELIANCE,07-Jun-2016,957.25,954.8,960.95,951.6,953.45,955.05,956.15,4332627,4142620601.1,95245
RELIANCE,08-Jun-2016,958,955.05,958,949.15,955.95,954.1,953.25,2773975,2644278169.95,70012
RELIANCE,09-Jun-2016,960,954.1,976.45,956.2,970,971.15,971.14,3575840,3472641637.75,116207
RELIANCE,10-Jun-2016,974,971.15,984.4,968.3,975.7,976.7,976.64,3729737,3642612995.75,74227
RELIANCE,13-Jun-2016,969.9,976.7,983.45,963.05,980,981.1,973.74,2334856,2273535312.8,57776
RELIANCE,14-Jun-2016,980.95,981.1,985.4,969.3,976.3,976.25,977.5,2497008,2440817298.95,55244
RELIANCE,15-Jun-2016,980,976.25,986.5,973.75,981.85,984.6,980.12,2543921,2493348429.2,97049
RELIANCE,16-Jun-2016,981,984.6,983.65,967.05,975.25,976.3,975.47,2142329,2089779295.4,71071
RELIANCE,17-Jun-2016,977,976.3,978.65,970.1,973,974.9,974.27,2408096,2346137251.15,97303
RELIANCE,20-Jun-2016,972.15,974.9,992.6,968,987.5,990.2,983.33,2459237,2418252127.65,108255
RELIANCE,21-Jun-2016,994.1,990.2,994.15,979.7,983.05,987.1,985.9,3184865,3139971424.95,116389
RELIANCE,22-Jun-2016,985,987.1,985.9,977.1,978,980.5,980.71,2923284,2866888654.35,82337
RELIANCE,23-Jun-2016,979.95,980.5,982,970,981,980.45,975.5,2248693,2193589012.75,106606
RELIANCE,24-Jun-2016,964.9,980.45,964.9,933.4,948.55,951.45,947.15,5711173,5409346858.65,163656
RELIANCE,27-Jun-2016,940.5,951.45,958.4,940.5,953.9,955.65,953.76,2094599,1997741764.5,55952
RELIANCE,28-Jun-2016,956.4,955.65,961.55,955,958,957.8,958.6,1738370,1666404999.3,54522
RELIANCE,29-Jun-2016,962,957.8,968.95,960,967,966.9,964.82,1719857,1659360680.65,44475
RELIANCE,30-Jun-2016,972,966.9,977.5,967.05,969,969.15,971.01,2916329,2831792986.6,111061
RELIANCE,01-Jul-2016,972.75,969.15,976.8,970,974.75,973.45,973.03,1510979,1470225445.8,49870
RELIANCE,04-Jul-2016,975.5,973.45,993.6,975.5,986.35,986.7,987.44,1783750,1761346964.3,46307
RELIANCE,05-Jul-2016,986.1,986.7,1002.9,980.3,991.2,993.1,994.43,2596678,2582210954.35,52194
RELIANCE,07-Jul-2016,992.5,993.1,1000.5,986.15,988.1,987.9,992.38,2749648,2728683064.85,101086
RELIANCE,08-Jul-2016,987,987.9,989,976.35,977.6,978.4,982.34,1632225,1603394588.25,47260
RELIANCE,11-Jul-2016,991,978.4,994.95,985.5,991.55,992.5,991.25,1889606,1873068862.95,44114
RELIANCE,12-Jul-2016,995.25,992.5,1005,991,1003.4,1003.4,998.38,2232685,2229070183.65,58174
RELIANCE,13-Jul-2016,1005.2,1003.4,1016.7,1004.15,1008,1008.75,1010.89,3409386,3446506825.55,75726
RELIANCE,14-Jul-2016,1008.1,1008.75,1014.1,998.25,1004.2,1004.9,1006.27,2459183,2474605486.7,94968
RELIANCE,15-Jul-2016,1009,1004.9,1021,1003.5,1014.35,1012.2,1013.32,3198562,3241175868.6,75448
RELIANCE,18-Jul-2016,1028,1012.2,1038.75,1001.75,1002.9,1006.25,1024.42,7339086,7518309445.05,170099
RELIANCE,19-Jul-2016,1006,1006.25,1022.95,995.3,1022.5,1017.8,1010.24,3805750,3844707695.25,108195
RELIANCE,20-Jul-2016,1019.95,1017.8,1028.3,1016.55,1022.75,1023,1022.31,2803645,2866191224.7,86184
RELIANCE,21-Jul-2016,1024,1023,1025,1005,1006.2,1006.35,1011.19,1534044,1551205388.6,42542
RELIANCE,22-Jul-2016,1006,1006.35,1017.8,1005.1,1015.9,1014.85,1013.37,1577114,1598204862.3,45519
RELIANCE,25-Jul-2016,1014,1014.85,1023.75,1007.35,1020.5,1022.75,1016.5,1883884,1914975225.6,65866
RELIANCE,26-Jul-2016,1023,1022.75,1034.8,1015.2,1022.25,1024.05,1028.33,2403872,2471965450.8,73738
RELIANCE,27-Jul-2016,1023.05,1024.05,1026,1008.95,1011.2,1013.1,1017.1,2521448,2564577315.7,44577
RELIANCE,28-Jul-2016,1014.95,1013.1,1030.5,1013.05,1024,1026.35,1022.77,3568375,3649633313.7,57410
RELIANCE,29-Jul-2016,1024,1026.35,1024.9,1012,1016.05,1014.9,1016.04,2201164,2236478542.1,59232
RELIANCE,01-Aug-2016,1018,1014.9,1020.3,1005.05,1009,1009.5,1012.34,1823694,1846202181.85,39583
RELIANCE,02-Aug-2016,1008,1009.5,1020,1006.3,1013,1012.8,1014.69,1762408,1788291755.4,60093
RELIANCE,03-Aug-2016,1014.4,1012.8,1014.4,991.5,992.9,993.95,998,2713804,2708366173.9,84839
RELIANCE,04-Aug-2016,999,993.95,1000,983.4,995.2,993,990.33,2328716,2306189259.05,70610
RELIANCE,05-Aug-2016,998,993,1019,997.05,1018,1016.25,1008.21,2767914,2790650162.95,63040
RELIANCE,08-Aug-2016,1019.9,1016.25,1034,1018.65,1027.3,1029.25,1029.46,3098753,3190040711.85,85046
RELIANCE,09-Aug-2016,1027,1029.25,1034.5,1021,1029.9,1030.7,1027.79,3038046,3122459911.4,80430
RELIANCE,10-Aug-2016,1031.25,1030.7,1034.55,1002,1002.2,1003.65,1012.18,3079463,3116960499.05,75445
RELIANCE,11-Aug-2016,1001.95,1003.65,1022.85,999.6,1014,1014.1,1013.46,3238899,3282503482.6,92154
RELIANCE,12-Aug-2016,1017,1014.1,1042.9,1017,1032.55,1035.8,1032.8,3740861,3863571902.25,104993
RELIANCE,16-Aug-2016,1036.25,1035.8,1044.8,1015.5,1023.65,1024.9,1028.02,3055603,3141211271.35,87377
RELIANCE,17-Aug-2016,1024.1,1024.9,1028.8,1007.2,1014,1013.3,1015.54,3539970,3594983478.75,88744
RELIANCE,18-Aug-2016,1016,1013.3,1023.65,1016,1018,1018.05,1019,1771449,1805112794.65,76822
RELIANCE,19-Aug-2016,1018,1018.05,1022,1007.1,1013.3,1014.9,1015.51,1869308,1898300778.7,59860
RELIANCE,22-Aug-2016,1012,1014.9,1019.7,1007.2,1010.05,1011.85,1012.82,1527904,1547496175.95,72620
RELIANCE,23-Aug-2016,1012,1011.85,1015,1005,1011.2,1010.45,1010.12,1673328,1690268898.65,53304
RELIANCE,24-Aug-2016,1011.7,1010.45,1021.95,1011,1021.25,1020.5,1017.13,1993153,2027291124.05,67902
RELIANCE,25-Aug-2016,1021.2,1020.5,1029,1009,1013.95,1012.7,1017.92,3419775,3481068524.7,82485
RELIANCE,26-Aug-2016,1017.9,1012.7,1030.8,1014.6,1026.6,1027.9,1024.82,2203465,2258151954.7,79842
RELIANCE,29-Aug-2016,1027.25,1027.9,1059.75,1026.1,1059.3,1057.45,1046.1,3701495,3872133054.6,90569
RELIANCE,30-Aug-2016,1062,1057.45,1068.5,1053,1064.75,1066.4,1062.92,4153522,4414855721.2,118180
RELIANCE,31-Aug-2016,1064.9,1066.4,1074,1047,1047.9,1060,1063.92,5324960,5665324906.65,210357
RELIANCE,01-Sep-2016,1053,1060,1072.75,1025.7,1028.05,1029.2,1050.52,9742454,10234626988.9,193607
RELIANCE,02-Sep-2016,1031.1,1029.2,1032.55,1002.3,1013,1013.35,1013.84,6428814,6517819697.65,133004
RELIANCE,06-Sep-2016,1019.9,1013.35,1025,1015,1021.7,1019.9,1019.3,2631091,2681861446.3,73178
RELIANCE,07-Sep-2016,1022,1019.9,1027.05,1013.05,1017,1017.65,1019.15,2954995,3011590628.15,87614
RELIANCE,08-Sep-2016,1023.05,1017.65,1035.95,1020.2,1034,1033.4,1030.87,2790196,2876333145.3,90566
RELIANCE,09-Sep-2016,1035,1033.4,1049.9,1030,1041.5,1044.55,1042.48,3490441,3638707846.1,69385
RELIANCE,12-Sep-2016,1030.4,1044.55,1056,1029.15,1046.95,1046.5,1046.99,7699800,8061595468.55,101157
RELIANCE,14-Sep-2016,1048,1046.5,1059,1040.9,1043,1044.75,1049.2,4252754,4461991599.45,95815
RELIANCE,15-Sep-2016,1047,1044.75,1070.2,1047,1064.8,1065,1055.37,7170885,7567970041.2,64639
RELIANCE,16-Sep-2016,1067,1065,1093.85,1059.1,1072.9,1075.55,1080.3,8988926,9710711353.05,151282
RELIANCE,19-Sep-2016,1072.55,1075.55,1088,1071,1083,1082.4,1080.96,3812324,4120984369.25,81518
RELIANCE,20-Sep-2016,1084,1082.4,1084.75,1069.05,1073.55,1074.2,1076.13,2635854,2836524443.2,65326
RELIANCE,21-Sep-2016,1074,1074.2,1084.9,1069,1070,1072.25,1075.51,2501476,2690360397.95,66182
RELIANCE,22-Sep-2016,1083,1072.25,1095.8,1079,1086.95,1088.95,1090.17,4288544,4675251073.25,82688
RELIANCE,23-Sep-2016,1089,1088.95,1109.45,1089,1101.6,1102.8,1100.28,7105725,7818310313.15,81712
RELIANCE,26-Sep-2016,1103.4,1102.8,1129.55,1100.25,1106.3,1107.2,1118.64,8734943,9771217522.35,119368
RELIANCE,27-Sep-2016,1117,1107.2,1125.95,1106.6,1110.9,1110.5,1115.34,4428693,4939498790.35,99600
RELIANCE,28-Sep-2016,1107.9,1110.5,1108,1086.3,1089,1090.65,1092.6,5673488,6198865983.3,123527
RELIANCE,29-Sep-2016,1095,1090.65,1110.75,1067.4,1074.55,1072.45,1085.03,4859746,5272989985.65,96086
RELIANCE,30-Sep-2016,1068,1072.45,1094.55,1066.3,1084.5,1083.7,1082.8,2560105,2772082002.15,97669
RELIANCE,03-Oct-2016,1087,1083.7,1107.95,1076.25,1090,1090.7,1093.31,4143109,4529687732.75,108886
RELIANCE,04-Oct-2016,1093.05,1090.7,1108.3,1092,1095,1096.35,1100.57,2997544,3299004036.4,74385
RELIANCE,05-Oct-2016,1104,1096.35,1106.5,1085.8,1090,1089.4,1095.21,2466397,2701225312.05,51226
RELIANCE,06-Oct-2016,1092,1089.4,1126.25,1092,1112,1110.8,1114.15,4825630,5376475095.3,96062
RELIANCE,07-Oct-2016,1114,1110.8,1123.05,1106.5,1106.95,1109,1114.12,3492838,3891447818.3,74933
RELIANCE,10-Oct-2016,1114,1109,1122,1094,1096,1096.35,1105.74,2640973,2920222667.6,66148
RELIANCE,13-Oct-2016,1089,1096.35,1089.05,1052,1058.5,1057.15,1067.72,5014667,5354276741.25,126457
RELIANCE,14-Oct-2016,1063,1057.15,1082,1061.65,1078.95,1077.65,1073.32,3489473,3745322970.8,93233
RELIANCE,17-Oct-2016,1080,1077.65,1080.8,1058.75,1060.4,1060.65,1068.55,2246237,2400217761.5,59134
RELIANCE,18-Oct-2016,1066,1060.65,1082.75,1062.05,1079.55,1081.1,1076.71,2531133,2725292002.9,73109
RELIANCE,19-Oct-2016,1084.45,1081.1,1094.7,1081.4,1087,1087.35,1088.72,3902656,4248885069.5,77327
RELIANCE,20-Oct-2016,1093.95,1087.35,1098,1084.05,1086.1,1087.55,1089.93,2314521,2522655590.7,50757
RELIANCE,21-Oct-2016,1097,1087.55,1097,1058.4,1065,1064.2,1069.05,9968242,10656537354.95,172822
RELIANCE,24-Oct-2016,1070,1064.2,1074,1060.65,1063.3,1063.3,1067.37,2403099,2565001759.25,58047
RELIANCE,25-Oct-2016,1065,1063.3,1065.25,1054.2,1063.5,1060.85,1059.75,1750711,1855315527.65,69996
RELIANCE,26-Oct-2016,1056.05,1060.85,1059.45,1052.1,1054.5,1054.05,1054.67,2502055,2638835503.7,66935
RELIANCE,27-Oct-2016,1051.1,1054.05,1053.9,1043.4,1050.5,1048.7,1048.69,2935574,3078514158.3,58825
RELIANCE,28-Oct-2016,1050,1048.7,1058,1043.8,1056,1054.95,1052.58,1857917,1955599207.5,33745
RELIANCE,30-Oct-2016,1058.75,1054.95,1058.75,1046.3,1049.55,1051.2,1052.55,362170,381202360.2,9214
RELIANCE,01-Nov-2016,1051.3,1051.2,1055.95,1047.4,1052,1051,1051.07,2337011,2456355915.7,74188
RELIANCE,02-Nov-2016,1041,1051,1042.85,1021,1026.4,1023.75,1029.71,1609225,1657027215.45,62676
RELIANCE,03-Nov-2016,1023.85,1023.75,1034.75,1020.6,1021.9,1023.95,1027.98,1671371,1718133324.85,63170
RELIANCE,04-Nov-2016,1020.25,1023.95,1026.9,1000,1006.55,1005.55,1010.83,2636911,2665480457.45,71344
RELIANCE,07-Nov-2016,1014,1005.55,1016.55,999.05,1000,1001.15,1005,2172921,2183786373.45,72315
RELIANCE,08-Nov-2016,1005.7,1001.15,1005.7,998.3,1003.9,1003.5,1001.7,3070346,3075564144.2,71607
RELIANCE,09-Nov-2016,950,1003.5,1009,930,1003,1004.6,981.42,4946573,4854675033.95,83043
RELIANCE,10-Nov-2016,1018.6,1004.6,1028.95,1007,1008.05,1010.4,1018.04,2231907,2272175380.2,67470
RELIANCE,11-Nov-2016,997.85,1010.4,1017.5,995.1,998,1001.75,1003.74,3377392,3390025727.25,96461
RELIANCE,15-Nov-2016,996.5,1001.75,1000,979.55,982.85,985.4,988.79,3311592,3274482016.3,95636
RELIANCE,16-Nov-2016,995,985.4,996.8,980.7,982.05,986.55,990.58,3783226,3747602868.45,79760
RELIANCE,17-Nov-2016,986,986.55,998.15,974.4,977.05,977.75,987.21,2886635,2849709343.65,78724
RELIANCE,18-Nov-2016,985,977.75,992.7,982,986.4,987.5,987.8,4151928,4101257453.2,123195
RELIANCE,21-Nov-2016,987.55,987.5,993.55,983.2,993,991.5,988.95,3024712,2991285792.2,89103
RELIANCE,22-Nov-2016,997.7,991.5,1007.8,993.3,1001.3,1001.45,1000.64,4033660,4036245791.6,100268
RELIANCE,23-Nov-2016,1005,1001.45,1010.5,999.55,1007,1009,1005.35,2996248,3012288585,68315
RELIANCE,24-Nov-2016,1005.55,1009,1005.55,982.2,992.4,987.35,989.73,4323375,4278988685.75,98362
RELIANCE,25-Nov-2016,990,987.35,995.9,984.35,993,993.7,989.79,2389829,2365422433.9,90829
RELIANCE,28-Nov-2016,993,993.7,1000.6,984.1,986.5,986.65,991.92,1900161,1884801098.9,85702
RELIANCE,29-Nov-2016,989,986.65,1004.3,988.05,997.95,997.7,999.9,2259609,2259387576.45,83165
RELIANCE,30-Nov-2016,999.95,997.7,999.95,986.65,988.15,990.05,990.16,6308004,6245953460.85,103344
RELIANCE,01-Dec-2016,1000,990.05,1015,995,996.5,997.75,1004.55,2886513,2899649144.45,64770
RELIANCE,02-Dec-2016,995.9,997.75,1005,991.8,995.6,994.75,999.59,2853045,2851867039.95,115352
RELIANCE,05-Dec-2016,995,994.75,999.7,986.5,993.05,993.85,993.15,911410,905170181.75,33770
RELIANCE,06-Dec-2016,996,993.85,1006.55,994.6,1003.25,1005.2,1000.6,1537535,1538464382.05,77584
RELIANCE,07-Dec-2016,1004,1005.2,1007.6,996.35,1001.85,999.15,1002.8,1127113,1130270448.75,47622
RELIANCE,08-Dec-2016,1005.05,999.15,1021.8,1004.35,1019.55,1020.05,1017.09,2000230,2034423374.2,63936
RELIANCE,09-Dec-2016,1022,1020.05,1031.85,1020.3,1028.95,1028.95,1027.97,1883333,1936017722.25,61243
RELIANCE,12-Dec-2016,1020.5,1028.95,1041.7,1020.5,1024.9,1027.2,1034.34,2062700,2133530208.15,72075
RELIANCE,13-Dec-2016,1028,1027.2,1041,1027.55,1039,1039.8,1037.64,2369453,2458635173.75,84958
RELIANCE,14-Dec-2016,1039.8,1039.8,1064.45,1038.2,1056.35,1059.5,1056.76,5517829,5830998013.35,117128
RELIANCE,15-Dec-2016,1052.4,1059.5,1067.6,1048.65,1051,1052.95,1059.31,4418967,4681049111.2,75838
RELIANCE,16-Dec-2016,1052,1052.95,1062,1052,1055.85,1057.15,1057.34,3415537,3611399947.5,77749
RELIANCE,19-Dec-2016,1055,1057.15,1066.95,1054.35,1060.55,1062.55,1063.71,3430950,3649521699.85,55483
RELIANCE,20-Dec-2016,1054.7,1062.55,1061,1053.15,1060,1057.9,1058.65,2671719,2828402958.7,47616
RELIANCE,21-Dec-2016,1060.1,1057.9,1067.3,1057.2,1063,1063.25,1061.12,4655758,4940302652.9,89738
RELIANCE,22-Dec-2016,1058,1063.25,1062.65,1050.95,1052,1053.35,1058.51,6604416,6990846841.25,71577
RELIANCE,23-Dec-2016,1052,1053.35,1068.95,1052,1059.9,1057.3,1059.91,2346414,2486990080.35,67543
RELIANCE,26-Dec-2016,1054.35,1057.3,1066,1044.65,1044.95,1047.45,1056.49,3502299,3700130719.95,45499
RELIANCE,27-Dec-2016,1047.85,1047.45,1067.1,1047,1064.85,1064.7,1056.43,3987142,4212155359.05,35254
RELIANCE,28-Dec-2016,1067.9,1064.7,1069.55,1047.1,1051.15,1049.7,1057.89,2202927,2330463999.05,76376
RELIANCE,29-Dec-2016,1050,1049.7,1068.8,1049.5,1064.05,1065.45,1058.89,2005206,2123298035.3,70952
RELIANCE,30-Dec-2016,1064.8,1065.45,1085,1063.1,1080.7,1082.4,1079.52,3591493,3877071530,71421
RELIANCE,02-Jan-2017,1084,1082.4,1090,1072.35,1086.7,1085.1,1086.63,1622458,1763016191.2,38903
RELIANCE,03-Jan-2017,1089.85,1085.1,1097,1081.1,1089,1089.4,1091.74,1470751,1605682134.95,31291
RELIANCE,04-Jan-2017,1092.9,1089.4,1093,1064.3,1067.15,1067.15,1072.39,2375547,2547513624.1,70540
RELIANCE,05-Jan-2017,1071,1067.15,1079.9,1068.75,1077,1077.4,1077.12,1996483,2150451749.2,84058
RELIANCE,06-Jan-2017,1074.2,1077.4,1085,1073.1,1073.95,1074.95,1078.77,1793427,1934704004.6,66643
RELIANCE,09-Jan-2017,1077,1074.95,1086,1071,1078,1077.7,1079.41,1195257,1290170893.1,37309
RELIANCE,10-Jan-2017,1080,1077.7,1094.4,1080,1088,1089.85,1089.83,2594400,2827464833.9,76596
RELIANCE,11-Jan-2017,1095,1089.85,1095.7,1084,1084.8,1086.05,1087.58,2623211,2852942523.8,58033
RELIANCE,12-Jan-2017,1087,1086.05,1090.35,1079.8,1080.45,1083.3,1084.63,999364,1083937776.15,29486
RELIANCE,13-Jan-2017,1084.55,1083.3,1097.5,1084.55,1089.95,1090.4,1091.91,1653669,1805654452.75,52984
RELIANCE,16-Jan-2017,1089.95,1090.4,1093.95,1073.95,1076.7,1076.25,1078.39,2746005,2961250762.4,59289
RELIANCE,17-Jan-2017,1065,1076.25,1068,1038.5,1040,1041.25,1049.23,8968290,9409827087.05,172984
RELIANCE,18-Jan-2017,1042.6,1041.25,1048,1028.75,1031.95,1032.55,1036.48,3627071,3759369531.25,155581
RELIANCE,19-Jan-2017,1035.15,1032.55,1045.3,1031,1032.45,1033.7,1037.12,3493728,3623411807.5,117616
RELIANCE,20-Jan-2017,1033.95,1033.7,1037.45,1023.9,1025.7,1025.8,1029.42,2008082,2067168053.9,75554
RELIANCE,23-Jan-2017,1021.8,1025.8,1031,1012.8,1018.4,1015.9,1019.37,3133533,3194244708.7,98745
RELIANCE,24-Jan-2017,1017,1015.9,1028.8,1017,1027.9,1027.3,1024.12,2153091,2205027803.65,67115
RELIANCE,25-Jan-2017,1032,1027.3,1032.7,1016.15,1018.05,1017.3,1020.11,5453230,5562884613.9,161600
RELIANCE,27-Jan-2017,1020.25,1017.3,1028.9,1019,1028.15,1025.1,1024.42,4997239,5119264081.75,109980
RELIANCE,30-Jan-2017,1024.95,1025.1,1046.45,1024.8,1044.95,1044.8,1038.36,3583756,3721227069.35,88109
RELIANCE,31-Jan-2017,1046.85,1044.8,1053.8,1040.3,1045,1045.2,1046.18,3457365,3617029514.4,95062
RELIANCE,01-Feb-2017,1046.1,1045.2,1050.9,1035.2,1050,1049.65,1044.86,2585798,2701805550.7,83931
RELIANCE,02-Feb-2017,1050,1049.65,1050.8,1038.25,1045.55,1043.5,1042.22,2079908,2167729582,64859
RELIANCE,03-Feb-2017,1046,1043.5,1050.45,1030.1,1033.45,1033.65,1038.23,3021751,3137286043.85,48459
RELIANCE,06-Feb-2017,1037,1033.65,1044.9,1032.05,1040.7,1041.65,1038.21,2283982,2371255826.45,60273
RELIANCE,07-Feb-2017,1042,1041.65,1042.35,1027.2,1031.95,1030.9,1031.93,2264245,2336537922,67846
RELIANCE,08-Feb-2017,1030.9,1030.9,1038.25,1022,1022.7,1025.15,1027.7,3710094,3812874885.4,96353
RELIANCE,09-Feb-2017,1028,1025.15,1034,1026.8,1032.45,1032.75,1030.58,2254216,2323159365.45,97836
RELIANCE,10-Feb-2017,1035,1032.75,1035.55,1025.55,1030,1030.15,1030.89,2861531,2949922515.35,81923
RELIANCE,13-Feb-2017,1033,1030.15,1034,1022,1030,1029.85,1026.56,1957988,2009983985.2,53352
RELIANCE,14-Feb-2017,1035,1029.85,1052.9,1029.9,1048.1,1049.8,1047.4,4170414,4368108266.7,108276
RELIANCE,15-Feb-2017,1052.9,1049.8,1057.5,1045.25,1050.35,1051.3,1052.94,3482845,3667220075.7,73263
RELIANCE,16-Feb-2017,1052.55,1051.3,1069.45,1052.55,1065.95,1067.5,1062.56,4492847,4773923841.15,54707
RELIANCE,17-Feb-2017,1066.5,1067.5,1078.2,1058.45,1070.7,1075.5,1070.57,3393856,3633367038.25,72587
RELIANCE,20-Feb-2017,1070.55,1075.5,1078.85,1066.5,1075,1075.4,1074.6,2663127,2861806843.25,46942
RELIANCE,21-Feb-2017,1075.2,1075.4,1090.95,1073.05,1088.1,1088.2,1084.82,3242790,3517853373.6,78020
RELIANCE,22-Feb-2017,1093,1088.2,1211.65,1092,1209.8,1207.5,1177.82,29103926,34279184225.25,529232
RELIANCE,23-Feb-2017,1213.6,1207.5,1222,1179.35,1186.8,1182.75,1196.34,14229234,17023004700.95,325600
RELIANCE,27-Feb-2017,1190.5,1182.75,1256.8,1190.35,1237.55,1238.9,1241.99,19068911,23683416513.5,248086
RELIANCE,28-Feb-2017,1232,1238.9,1248,1228.5,1237.65,1238.05,1240.68,8254531,10241229539.45,132662
RELIANCE,01-Mar-2017,1240.1,1238.05,1244.4,1230,1231.55,1234.5,1238.28,5574153,6902376075.8,86071
RELIANCE,02-Mar-2017,1237.9,1234.5,1254.7,1227.05,1234.95,1236.75,1241.01,4129033,5124164949.85,114912
RELIANCE,03-Mar-2017,1241.55,1236.75,1287.8,1241.55,1258.6,1258.55,1269.09,19270851,24456422018.25,218969
RELIANCE,06-Mar-2017,1269,1258.55,1312,1265.25,1308,1305.35,1298.39,15252154,19803196906.45,271304
RELIANCE,07-Mar-2017,1318.85,1305.35,1327,1296.15,1306.35,1304.95,1309.21,9616850,12590518108.2,187234
RELIANCE,08-Mar-2017,1307.7,1304.95,1307.7,1286.1,1288.15,1291.2,1294.73,9906103,12825718917.95,117724
RELIANCE,09-Mar-2017,1290,1291.2,1298,1281.5,1285.4,1286.75,1287.46,7107670,9150874646.6,91156
RELIANCE,10-Mar-2017,1290.25,1286.75,1296,1261.2,1279.1,1281.65,1282.25,5665568,7264671759.9,82236
RELIANCE,14-Mar-2017,1318.75,1281.65,1319,1285.25,1288.25,1289.5,1299.08,6346620,8244794509.15,148050
RELIANCE,15-Mar-2017,1291.05,1289.5,1316.3,1290.4,1302,1304.95,1306.9,5510658,7201863485.5,118169
RELIANCE,16-Mar-2017,1310,1304.95,1310.4,1293.6,1296.8,1297.65,1300.24,3639964,4732822404.2,101204
RELIANCE,17-Mar-2017,1308,1297.65,1319.95,1298.05,1300.55,1300.7,1302.8,5195076,6768124195.2,103713
RELIANCE,20-Mar-2017,1306,1300.7,1306.25,1278.35,1280.95,1280.8,1287.84,2941714,3788456426.1,85225
RELIANCE,21-Mar-2017,1282.2,1280.8,1283.9,1259.3,1265.2,1263.8,1270.21,5165107,6560786985.85,97439
RELIANCE,22-Mar-2017,1252,1263.8,1265.9,1246.55,1260.45,1259.7,1257.09,4638338,5830800370.75,123911
RELIANCE,23-Mar-2017,1263.15,1259.7,1277.55,1258,1272,1273.3,1269.4,2699090,3426224947.45,100190
RELIANCE,24-Mar-2017,1274.1,1273.3,1292,1268.45,1284,1286.75,1282.43,3721911,4773078555.1,122493
RELIANCE,27-Mar-2017,1270.25,867.15,1270.25,1269.25,1269.25,1269.25,1270.02,948596,1204739009,5
RELIANCE,27-Mar-2017,1271.1,1286.75,1278.75,1247.2,1248.5,1251.1,1258.23,7418122,9333736052.4,178024
RELIANCE,28-Mar-2017,1258,1251.1,1264,1242.1,1246.3,1245.75,1249.71,4961934,6200976653.4,100601
RELIANCE,29-Mar-2017,1251.7,1245.75,1260,1233.35,1259.2,1256.65,1246.51,4325787,5392124742.85,119423
RELIANCE,30-Mar-2017,1255,1256.65,1274.75,1253,1267.6,1270.65,1267.91,6368859,8075111743.25,113795
RELIANCE,31-Mar-2017,1266,1270.65,1337.65,1266,1320.6,1320.9,1311.06,10375519,13602917636.9,209261
RELIANCE,03-Apr-2017,1342,1320.9,1380.5,1337.05,1373.25,1374.65,1365.85,10260327,14014070970.7,167021
RELIANCE,05-Apr-2017,1395.2,1374.65,1418,1380.1,1415.05,1415,1400.66,9217360,12910386480.6,188615
RELIANCE,06-Apr-2017,1409,1415,1448.9,1402.2,1434,1438.5,1429.25,11571075,16537975353.15,193297
RELIANCE,07-Apr-2017,1421.3,1438.5,1434,1402.55,1405.25,1406.6,1419.57,7286151,10343188455.35,172166
RELIANCE,10-Apr-2017,1410,1406.6,1424.9,1377.3,1384.75,1381.35,1396.97,7033141,9825093896,146691
RELIANCE,11-Apr-2017,1387.85,1381.35,1400.45,1370.1,1375.7,1372.35,1382.9,7371727,10194385221.25,150329
RELIANCE,12-Apr-2017,1382.8,1372.35,1386.45,1351.15,1355,1354,1363.72,6274215,8556264240.65,162585
RELIANCE,13-Apr-2017,1354,1354,1373.4,1347.35,1365.8,1364.8,1365.73,2906188,3969077630.35,68868
RELIANCE,17-Apr-2017,1365,1364.8,1395.55,1365,1391.45,1391.85,1380.35,2705854,3735039098.15,56746
RELIANCE,18-Apr-2017,1399.95,1391.85,1410,1367,1369,1370.2,1393.47,3661083,5101601216.25,88267
RELIANCE,19-Apr-2017,1369,1370.2,1382.55,1357.55,1369.95,1368.8,1368.72,2645292,3620655411.5,80500
RELIANCE,20-Apr-2017,1379,1368.8,1386.8,1364.1,1370.45,1369.55,1371.78,1918612,2631919172.4,55149
RELIANCE,21-Apr-2017,1380.5,1369.55,1421,1378.55,1405,1402.5,1404.5,6910277,9705482124.25,137920
RELIANCE,24-Apr-2017,1409.05,1402.5,1435,1400.2,1417.85,1417.4,1418.74,5831731,8273693518,183083
RELIANCE,25-Apr-2017,1460,1417.4,1467.75,1426.1,1431,1432.8,1442.9,8403704,12125713088,176682
RELIANCE,26-Apr-2017,1435,1432.8,1440.05,1402.6,1416.5,1416.45,1421.45,3831775,5446671308.75,108141
RELIANCE,27-Apr-2017,1417,1416.45,1424.15,1402.2,1409,1409.5,1408.44,2873655,4047372598.75,67915
RELIANCE,28-Apr-2017,1409.75,1409.5,1420.3,1391,1394.25,1395.2,1403.8,2708404,3802054529.95,65970
RELIANCE,02-May-2017,1402,1395.2,1402,1366.3,1372,1370.55,1375.81,4249684,5846767714.15,98491
RELIANCE,03-May-2017,1376.9,1370.55,1380.75,1365,1370.2,1370.1,1371.36,2171549,2977965401.4,51100
RELIANCE,04-May-2017,1375,1370.1,1379.6,1354.05,1361.6,1357.95,1364.31,3283811,4480138684.2,101401
RELIANCE,05-May-2017,1361.6,1357.95,1367.35,1325,1328.4,1328.25,1343.7,3565543,4791006380.75,81287
RELIANCE,08-May-2017,1330,1328.25,1339.5,1318.35,1320.1,1321.4,1328,3672585,4877180991.65,64261
RELIANCE,09-May-2017,1324,1321.4,1333.65,1320.25,1330,1330.35,1329.47,4824511,6414062772.6,73661
RELIANCE,10-May-2017,1334.8,1330.35,1363.6,1330.65,1359.2,1359.1,1352.69,5235932,7082604050.4,127713
RELIANCE,11-May-2017,1364.1,1359.1,1369.75,1351.65,1357,1359.55,1361,3150756,4288166983.4,81000
RELIANCE,12-May-2017,1360.05,1359.55,1364,1344.05,1349.9,1350.45,1351.52,1719729,2324243176.95,45354
RELIANCE,15-May-2017,1356.4,1350.45,1356.4,1333.5,1343.6,1344.1,1344.22,1540213,2070378803.2,75812
RELIANCE,16-May-2017,1346.05,1344.1,1376.9,1341,1356.2,1356.3,1360.59,2892947,3936121463.6,79767
RELIANCE,17-May-2017,1353,1356.3,1365.95,1347.75,1350,1353.1,1354.16,2250304,3047263294.2,56277
RELIANCE,18-May-2017,1340.25,1353.1,1350,1324.1,1327.45,1327.35,1336.14,2237916,2990177747.2,84723
RELIANCE,19-May-2017,1333,1327.35,1335.7,1310,1318.2,1318.85,1321.99,2928883,3871939701.45,115988
RELIANCE,22-May-2017,1326.5,1318.85,1333.6,1315.2,1326,1324.15,1322.82,2011859,2661318292.65,89828
RELIANCE,23-May-2017,1325.7,1324.15,1329.85,1302,1304.55,1305.55,1313.55,2108223,2769246986.8,81667
RELIANCE,24-May-2017,1307.5,1305.55,1313.7,1295.1,1299,1297.7,1302.71,3274804,4266122161.8,78535
RELIANCE,25-May-2017,1300,1297.7,1312.4,1296.45,1301.5,1302.45,1303.19,5925335,7721842990.45,114553
RELIANCE,26-May-2017,1303.95,1302.45,1344.4,1300,1339,1337.3,1320.18,4898639,6467102968.55,111248
RELIANCE,29-May-2017,1337,1337.3,1365.45,1335.6,1355.25,1356.9,1352.77,5491170,7428268296.7,88604
RELIANCE,30-May-2017,1355.9,1356.9,1364.7,1348.5,1360,1359.35,1357.25,2207727,2996431672.15,71958
RELIANCE,31-May-2017,1367,1359.35,1367.95,1335.8,1340,1340.7,1346.68,3754099,5055552391.8,153444
RELIANCE,01-Jun-2017,1332.7,1340.7,1340,1323,1329.85,1328.25,1329.31,2179328,2896998252,79314
RELIANCE,02-Jun-2017,1335,1328.25,1338.7,1317,1322.9,1324.75,1326.29,2627565,3484908657.55,92530
RELIANCE,05-Jun-2017,1326.25,1324.75,1341,1315.85,1330,1329.35,1328.64,2476706,3290662701.45,77234
RELIANCE,06-Jun-2017,1333.95,1329.35,1333.95,1311,1312.5,1312.8,1320.16,2192356,2894270054.8,61140
RELIANCE,07-Jun-2017,1311.2,1312.8,1342,1309,1339,1339,1328.04,2559954,3399718610,102403
RELIANCE,08-Jun-2017,1340,1339,1344.8,1328.05,1333.9,1331.7,1332.33,1806521,2406881914.95,61841
RELIANCE,09-Jun-2017,1345.1,1331.7,1352.95,1331,1332.95,1335.7,1340.93,3162802,4241088719.1,78984
RELIANCE,12-Jun-2017,1326.55,1335.7,1329.75,1317,1319,1319.45,1321.07,1927513,2546372486.95,44210
RELIANCE,13-Jun-2017,1320.6,1319.45,1327,1311,1312,1314.35,1318.87,1377291,1816467340.7,63864
RELIANCE,14-Jun-2017,1315.9,1314.35,1360,1315.9,1360,1357.5,1348.06,12101027,16312963495.05,139964
RELIANCE,15-Jun-2017,1360,1357.5,1395,1359.1,1377.35,1383.95,1379.51,6466804,8921027744.65,122808
RELIANCE,16-Jun-2017,1389.1,1383.95,1395.8,1369.3,1387.1,1388.8,1384.77,7477157,10354166799.6,126947
RELIANCE,19-Jun-2017,1390.2,1388.8,1415.8,1390.2,1407,1409.25,1409.38,3482912,4908755460.05,97727
RELIANCE,20-Jun-2017,1409,1409.25,1422.1,1407.45,1411.05,1412.35,1414.55,2318399,3279484043,54658
RELIANCE,21-Jun-2017,1407.8,1412.35,1428,1404.25,1427.75,1422,1418.57,4569943,6482764628.4,72533
RELIANCE,22-Jun-2017,1429.45,1422,1445.4,1427.7,1434.8,1432.65,1438.13,5055942,7271102905.3,67464
RELIANCE,23-Jun-2017,1436,1432.65,1442,1430.6,1432.1,1435.85,1437.72,7118832,10234862866.6,84739
RELIANCE,27-Jun-2017,1432,1435.85,1443,1425,1439.05,1437.15,1433.65,7449878,10680534186.35,95862
RELIANCE,28-Jun-2017,1439.95,1437.15,1439.95,1395.55,1399.8,1398.5,1408.58,3558538,5012497439.8,96283
RELIANCE,29-Jun-2017,1400,1398.5,1410,1390.1,1392.35,1392.7,1397.72,2948322,4120928819.3,73181
RELIANCE,30-Jun-2017,1392,1392.7,1392.4,1375.05,1383,1380,1381.68,1786211,2467964900.75,57115
RELIANCE,03-Jul-2017,1388.2,1380,1394.7,1371,1384,1381.05,1381.94,2101886,2904674175.1,58487
RELIANCE,04-Jul-2017,1390,1381.05,1427.1,1389,1422,1421.95,1411.47,4301200,6071002326.55,79094
RELIANCE,05-Jul-2017,1429.45,1421.95,1447.45,1424,1440.05,1442.65,1440.65,6219522,8960156338.1,67692
RELIANCE,06-Jul-2017,1448.7,1442.65,1450,1438,1442,1442.55,1444.2,3106517,4486436976.5,51171
RELIANCE,07-Jul-2017,1443,1442.55,1497.75,1440,1489.5,1491.15,1467.56,8193635,12024672966.8,118579
RELIANCE,10-Jul-2017,1530,1491.15,1550,1489.1,1491,1492.85,1495.16,815433,1219206575.7,9771
RELIANCE,11-Jul-2017,1501,1492.85,1504.4,1487,1496.5,1494.35,1495.08,4799229,7175215647.25,58533
RELIANCE,12-Jul-2017,1499.4,1494.35,1525,1497.5,1511.25,1511.1,1512.3,3909797,5912789614.6,130937
RELIANCE,13-Jul-2017,1508.75,1511.1,1525,1506.15,1518.6,1522.1,1516.35,5259759,7975613062.3,80445
RELIANCE,14-Jul-2017,1520,1522.1,1536,1515.55,1533,1533.75,1527.64,4693011,7169211716.9,60570
RELIANCE,17-Jul-2017,1537,1533.75,1559.6,1537,1548.7,1551.75,1550.72,4285809,6646109251.55,58737
RELIANCE,18-Jul-2017,1546.8,1551.75,1551.8,1511,1520.5,1519.9,1526.5,4489412,6853087594.9,91217
RELIANCE,19-Jul-2017,1512.6,1519.9,1538,1512.6,1538,1532.95,1527.52,2695041,4116718439.05,77682
RELIANCE,20-Jul-2017,1539.75,1532.95,1550,1523.7,1526.1,1528.9,1535.46,3114686,4782481316.7,71431
RELIANCE,21-Jul-2017,1550,1528.9,1591.7,1544.95,1584,1585,1572.08,22205112,34908155068.5,427790
RELIANCE,24-Jul-2017,1600,1585,1624.9,1585,1619,1615.25,1613.62,9927229,16018796811.7,192058
RELIANCE,25-Jul-2017,1624.7,1615.25,1624.95,1597.6,1602.5,1602.15,1610.25,4586079,7384713584.95,110309
RELIANCE,26-Jul-2017,1604.2,1602.15,1629.9,1601.1,1621.15,1622.75,1620.72,5018389,8133382696.2,126847
RELIANCE,27-Jul-2017,1628,1622.75,1631.5,1588.35,1592.8,1594.8,1608.84,4208071,6770133068.75,74777
RELIANCE,28-Jul-2017,1591.25,1594.8,1605.95,1578,1594,1594.45,1592.27,3276023,5216321535.6,81539
RELIANCE,31-Jul-2017,1601.95,1594.45,1618.8,1596,1615.45,1615.2,1610.24,3787034,6098027726.85,77426
RELIANCE,01-Aug-2017,1622.75,1615.2,1622.75,1591.5,1605.8,1603.6,1605,2814298,4516958842.35,80380
RELIANCE,02-Aug-2017,1610,1603.6,1635.7,1608.1,1625.1,1629.2,1624.28,4751385,7717586946.25,85961
RELIANCE,03-Aug-2017,1626.85,1629.2,1664.9,1617.05,1654,1650.1,1645.48,4504776,7412507560.75,100320
RELIANCE,04-Aug-2017,1663,1650.1,1663,1615.1,1626.5,1622.15,1626,4247045,6905703756.4,105310
RELIANCE,07-Aug-2017,1631.6,1622.15,1631.6,1612.55,1618,1616.35,1620.9,2180018,3533598682.4,73400
RELIANCE,08-Aug-2017,1618,1616.35,1621.05,1586.8,1604.6,1602.55,1605.42,2505568,4022476840.85,54425
RELIANCE,09-Aug-2017,1601.5,1602.55,1620,1585,1595,1598.8,1605.79,2385643,3830853342.75,73759
RELIANCE,10-Aug-2017,1593.05,1598.8,1606.65,1577.95,1593.75,1584.35,1590.55,2328843,3704143392.15,82027
RELIANCE,11-Aug-2017,1550.95,1584.35,1580,1533,1545.5,1546.25,1558.16,3885064,6053534861.9,106441
RELIANCE,14-Aug-2017,1561,1546.25,1584.5,1561,1572.2,1573.05,1573.14,3072299,4833153046.9,92410
RELIANCE,16-Aug-2017,1572,1573.05,1576,1550.2,1576,1566.1,1561.92,3103394,4847251820.75,96068
RELIANCE,17-Aug-2017,1569,1566.1,1597.65,1561.15,1563,1567.1,1580.02,3618179,5716789489.9,89026
RELIANCE,18-Aug-2017,1564,1567.1,1577.8,1553.15,1576.25,1575.4,1568.93,1814011,2846062732.35,50855
RELIANCE,21-Aug-2017,1577,1575.4,1584.15,1560.25,1564.3,1564.4,1571.08,1731188,2719841500.65,50892
RELIANCE,22-Aug-2017,1572,1564.4,1579.9,1556.05,1560.1,1560.05,1568.81,2179230,3418790347.6,57712
RELIANCE,23-Aug-2017,1564.85,1560.05,1586.55,1553.15,1582.55,1582.05,1567.85,1901824,2981782350.95,57111
RELIANCE,24-Aug-2017,1590,1582.05,1593.1,1564.5,1570,1568.05,1575.93,2892571,4558488605.6,92963
RELIANCE,28-Aug-2017,1579.05,1568.05,1581.95,1561.2,1564.75,1566.55,1568.06,2815328,4414602361.45,113655
RELIANCE,29-Aug-2017,1561.85,1566.55,1567.5,1530,1532.05,1532.15,1543.47,3466421,5350330119.9,109648
RELIANCE,30-Aug-2017,1547.55,1532.15,1568.8,1541.25,1563.5,1564.1,1558.27,2362387,3681230670.65,70628
RELIANCE,31-Aug-2017,1575,1564.1,1597.45,1574,1595.4,1594.5,1587.29,5738495,9108681150.3,153607
RELIANCE,01-Sep-2017,1599.85,1594.5,1616.6,1599,1611.95,1610.1,1609.02,3527477,5675773296.7,67678
RELIANCE,04-Sep-2017,1615.5,1610.1,1636.15,1595.85,1615,1613.35,1616.73,4928375,7967844928.65,78551
RELIANCE,05-Sep-2017,1630,1613.35,1634.85,1621.05,1632.15,1632.6,1630.06,5764131,9395875386.35,103790
RELIANCE,06-Sep-2017,1626.4,1632.6,1652.5,1622.8,1644,1645.4,1645.9,11142512,18339508179.8,107540
RELIANCE,07-Sep-2017,823,1645.4,832.5,815,816.6,818.1,822.46,7408536,6093238362.2,125644
RELIANCE,08-Sep-2017,820,818.1,823.25,812.1,816.95,816.9,817.3,6056729,4950161479.8,107693
RELIANCE,11-Sep-2017,821.3,816.9,826.85,816.55,819.5,817.9,822.68,5801712,4772966391.15,65550
RELIANCE,12-Sep-2017,822.75,817.9,825,817,824.5,823.75,821.76,2971669,2441997855.35,60052
RELIANCE,13-Sep-2017,824,823.75,859.9,822,853.4,849,846.97,13430225,11375039392.05,169159
RELIANCE,14-Sep-2017,855.8,849,861.5,842,844.2,843.85,850.31,5425486,4613369236.95,73159
RELIANCE,15-Sep-2017,842,843.85,852.85,834.75,842,841.8,841.99,13072853,11007221825.9,97143
RELIANCE,18-Sep-2017,850,841.8,851.05,843.1,845.2,845.55,847.17,2314174,1960493731.45,57137
RELIANCE,19-Sep-2017,848.7,845.55,848.75,837,839,838.6,839.69,3528729,2963055859.95,56976
RELIANCE,20-Sep-2017,856.1,838.6,872.5,845.1,848,847.15,855.91,11402965,9759876153.8,147419
RELIANCE,21-Sep-2017,847,847.15,851.7,836.25,842.95,841.35,841.76,5920552,4983709461.65,81741
RELIANCE,22-Sep-2017,839.9,841.35,839.9,813.2,816.95,817.4,824.67,5620443,4635015513.75,97574
RELIANCE,25-Sep-2017,815,817.4,827.95,805.2,821,821.55,818.09,6505309,5321937992.75,116207
RELIANCE,26-Sep-2017,821.7,821.55,827.05,812.2,819.2,820.1,819.18,4829571,3956299338.1,71436
RELIANCE,27-Sep-2017,825.6,820.1,825.7,795.5,798.4,799.15,805.86,8434196,6796763903.25,130217
RELIANCE,28-Sep-2017,799.65,799.15,802.9,780.2,786.25,786.45,789.61,13508179,10666240866.7,197436
RELIANCE,29-Sep-2017,791.75,786.45,793.4,779.1,781.2,780.9,785.51,7619230,5984977306.7,139675
RELIANCE,03-Oct-2017,795,780.9,803.85,785.35,799,798.35,797.81,8387059,6691289330.7,147117
RELIANCE,04-Oct-2017,799.2,798.35,824.95,795.6,824,818.85,811.68,8643924,7016116516.1,131730
RELIANCE,05-Oct-2017,825,818.85,828.45,818.65,824,824.15,823.34,4860479,4001818826.75,64016
RELIANCE,06-Oct-2017,824,824.15,839.35,822.6,838.2,837.05,832.42,5942106,4946321212.5,57349
RELIANCE,09-Oct-2017,839,837.05,839.8,828,829.25,830.65,832.26,4046109,3367411680.85,55669
RELIANCE,10-Oct-2017,831,830.65,847.3,831,842.25,843.2,842.23,6734986,5672427724.3,129431
RELIANCE,11-Oct-2017,845.3,843.2,858.4,836,839,840.15,848.94,7049800,5984845575.6,107153
RELIANCE,12-Oct-2017,842.1,840.15,876.8,842.1,875.6,872.75,859.93,8522926,7329142508.6,133483
RELIANCE,13-Oct-2017,879.3,872.75,890.7,873.35,877.35,876.45,880.42,9833512,8657585192.1,159717
RELIANCE,16-Oct-2017,879,876.45,892,861.3,877.5,876.8,877.1,14633539,12835077761.65,199908
RELIANCE,17-Oct-2017,878,876.8,884,867.2,874.8,874.35,874.82,6354084,5558696928.35,82934
RELIANCE,18-Oct-2017,877.4,874.35,917.9,875,916.4,914.5,902.06,16765178,15123276190.35,236743
RELIANCE,19-Oct-2017,915.8,914.5,921.9,903,904,909.9,914.94,3664082,3352403286.6,57147
RELIANCE,23-Oct-2017,912.9,909.9,944.7,909.1,940.1,939.75,930.39,12551649,11677979383.1,181861
RELIANCE,24-Oct-2017,947.7,939.75,947.7,928.2,936.2,934.25,936.76,6335308,5934642215.95,114331
RELIANCE,25-Oct-2017,940.1,934.25,945.9,929.5,939.3,939.9,937.6,4577050,4291419530.25,84923
RELIANCE,26-Oct-2017,940,939.9,957.8,931,945.3,947.4,943.54,7698704,7264042925,135945
RELIANCE,27-Oct-2017,950,947.4,956.7,925.7,930.95,929.85,936.16,5256749,4921139448,100759
RELIANCE,30-Oct-2017,934,929.85,945.55,930.6,945.35,942.5,939.44,3576533,3359929915.4,59624
RELIANCE,31-Oct-2017,944.95,942.5,945.75,932.2,944.05,940.85,938.33,4345360,4077373480.3,113055
RELIANCE,01-Nov-2017,947.75,940.85,957.8,945.75,952.35,952.55,952.36,8033040,7650355596.55,120104
RELIANCE,02-Nov-2017,952.8,952.55,956.5,944.25,946.8,946.6,950.6,4698609,4466520209.1,57550
RELIANCE,03-Nov-2017,955.95,946.6,955.95,940.15,945.95,945.3,945.4,2193730,2073948026.8,41298
RELIANCE,06-Nov-2017,942.5,945.3,942.5,929,931.35,932.5,935.46,4460799,4172898901.95,120041
RELIANCE,07-Nov-2017,933.35,932.5,935,903.05,906.5,906.7,910.53,9347943,8511592120.85,150615
RELIANCE,08-Nov-2017,902.5,906.7,906,884.1,889.5,887.8,891.91,8115980,7238759485.05,175122
RELIANCE,09-Nov-2017,894.75,887.8,909.9,892.05,902.9,900.5,901.96,6860798,6188162917.8,100868
RELIANCE,10-Nov-2017,900.95,900.5,900.95,879.2,884.9,883.85,886.8,6365174,5644664492.6,117869
RELIANCE,13-Nov-2017,885,883.85,891.9,873.5,874.9,875.25,879.06,4155011,3652510603.2,155793
RELIANCE,14-Nov-2017,875,875.25,895,873,887.5,886.7,885.91,5706105,5055092471.3,123594
RELIANCE,15-Nov-2017,884.5,886.7,890.6,877.95,883.25,883.7,884.44,6981872,6175039788.05,113126
RELIANCE,16-Nov-2017,885.5,883.7,906,885.5,905.25,903.85,900.06,6931038,6238352387.75,124353
RELIANCE,17-Nov-2017,918.95,903.85,924.9,908.5,913,911.9,916.3,5586242,5118671947.75,114604
RELIANCE,20-Nov-2017,906.2,911.9,924.35,905,919,920.85,916.6,4220192,3868228235.05,73297
RELIANCE,21-Nov-2017,926.8,920.85,939.65,925.5,932.05,932.55,934.2,5980763,5587246390.6,139701
RELIANCE,22-Nov-2017,937.45,932.55,938.65,923.45,934.1,930.75,930.23,5055490,4702768893.45,80499
RELIANCE,23-Nov-2017,931,930.75,949.9,926.65,949.7,947,940.34,7329126,6891873715.2,86733
RELIANCE,24-Nov-2017,950,947,959.5,947.4,951.25,951.1,952.55,6394443,6091020187.15,104436
RELIANCE,27-Nov-2017,947.25,951.1,957.5,944,952.5,951.35,949.61,4680074,4444266973.9,97924
RELIANCE,28-Nov-2017,949.85,951.35,951.35,938.1,942.4,943.35,944.15,4641893,4382634299.75,109264
RELIANCE,29-Nov-2017,941.85,943.35,950,941,943.45,946,946.8,3674864,3479372052.65,86735
RELIANCE,30-Nov-2017,941.45,946,941.45,919.5,922.5,921.55,925.7,9434893,8733894422.15,144271
RELIANCE,01-Dec-2017,924.45,921.55,931.25,907.7,909.5,910.1,918.22,5081389,4665846806.05,101581
RELIANCE,04-Dec-2017,913.5,910.1,913.8,897.35,902.6,901.6,902.87,4618847,4170229646.35,98705
RELIANCE,05-Dec-2017,901.05,901.6,920.75,895.45,914.3,913.7,911.85,8369174,7631456011.1,130046
RELIANCE,06-Dec-2017,910,913.7,930.3,908.8,929,926.65,923.12,11007689,10161404380.45,116174
RELIANCE,07-Dec-2017,930.05,926.65,936,923,932.45,931.55,928.69,5529565,5135253669.25,108371
RELIANCE,08-Dec-2017,933.85,931.55,936.95,919.05,921.3,921,925.59,5588486,5172651632.2,118138
RELIANCE,11-Dec-2017,922.45,921,926,913.55,916.5,916.15,917.67,4933853,4527638392.6,91965
RELIANCE,12-Dec-2017,915.95,916.15,929,908,917.75,915.6,920.76,7215014,6643269135.55,107416
RELIANCE,13-Dec-2017,916.9,915.6,924.95,910.7,914.75,914.65,919.03,4182097,3843490644.2,66952
RELIANCE,14-Dec-2017,919,914.65,924.9,908.75,924,921.5,915.89,5021130,4598789868.1,97478
RELIANCE,15-Dec-2017,931,921.5,932.95,917.7,921,919.75,922.67,11158706,10295851305.4,178864
RELIANCE,18-Dec-2017,911.95,919.75,932.65,862.65,922.45,921,916.28,8494801,7783599546.35,131395
RELIANCE,19-Dec-2017,923.6,921,927,920,926.85,925.95,924.26,4064982,3757097202.45,78194
RELIANCE,20-Dec-2017,925.9,925.95,927.4,917,918.75,918.15,920.58,4774414,4395253600.35,122373
RELIANCE,21-Dec-2017,918.45,918.15,923.95,910,913,912.95,917.28,4147162,3804108015.15,91666
RELIANCE,22-Dec-2017,914.65,912.95,922.4,909.3,919.8,920.4,917.93,4872675,4472795835,107550
RELIANCE,26-Dec-2017,924.85,920.4,938.9,918.15,936,929.8,925.15,5301456,4904644711.45,88411
RELIANCE,27-Dec-2017,933,929.8,937.5,919,923.25,923.75,930.28,4352384,4048927002.1,107845
RELIANCE,28-Dec-2017,925.25,923.75,934.4,919.1,922.6,924.2,924.83,7091515,6558467598.75,92078
RELIANCE,29-Dec-2017,926.5,924.2,932.3,918.5,920.1,921.05,924.13,5069838,4685185006.7,102691
RELIANCE,01-Jan-2018,922.7,921.05,922.7,907.5,909.5,909.75,913.43,4321686,3947568943.55,61538
RELIANCE,02-Jan-2018,913,909.75,919.55,906.4,911.5,911.15,912.92,4342815,3964649169.65,63346
RELIANCE,03-Jan-2018,925,911.15,926,913.05,915.5,914.8,920.1,6175312,5681898482.5,101162
RELIANCE,04-Jan-2018,918.15,914.8,921.8,915.7,920.5,920.3,919.08,4118581,3785310187.15,92195
RELIANCE,05-Jan-2018,921.8,920.3,926.9,920.25,923,923.25,923.12,3401905,3140379429.35,59095
RELIANCE,08-Jan-2018,926.1,923.25,931,923.5,926.6,928.55,927.42,4035417,3742538282.25,71254
RELIANCE,09-Jan-2018,928.15,928.55,943.9,924,940,940.95,938.57,6534997,6133531767.75,130260
RELIANCE,10-Jan-2018,943,940.95,947.4,935.5,941.5,942.35,942.13,5361502,5051241312.15,88179
RELIANCE,11-Jan-2018,941.8,942.35,942.65,935,936.9,937.75,939.68,3588727,3372263778.65,61745
RELIANCE,12-Jan-2018,943,937.75,952.8,938.25,946.6,949,946.82,6890028,6523589663.4,120871
RELIANCE,15-Jan-2018,950,949,958.5,945.2,947.6,949.15,952.57,5084113,4842989337.35,67051
RELIANCE,16-Jan-2018,947.7,949.15,947.7,920,923.8,922.95,930.84,4948895,4606622460.85,112950
RELIANCE,17-Jan-2018,926,922.95,929,907,924.1,924.5,921.46,6036432,5562354161.7,113531
RELIANCE,18-Jan-2018,929,924.5,929.6,915.1,922,919.7,922.33,4289053,3955927032.4,96415
RELIANCE,19-Jan-2018,923,919.7,934.4,922.1,934.2,931.3,928.48,4559564,4233444944,104474
RELIANCE,22-Jan-2018,948,931.3,974.3,940,970.2,971.5,959.81,20892838,20053133153.8,324891
RELIANCE,23-Jan-2018,975,971.5,990.95,975,982.05,983.25,984.66,10298500,10140509291.75,189970
RELIANCE,24-Jan-2018,981.75,983.25,981.75,962.65,967.95,966.35,968.16,6532672,6324642038.05,112501
RELIANCE,25-Jan-2018,967.9,966.35,972,956.15,963.95,965.9,963.99,6249419,6024404785.35,124818
RELIANCE,29-Jan-2018,966.2,965.9,977.3,959.3,963.7,964.5,968.68,4524605,4382895108.05,98469
RELIANCE,30-Jan-2018,965.8,964.5,965.8,949,950,950.4,956.43,4198139,4015232068,67935
RELIANCE,31-Jan-2018,950,950.4,964.5,941.55,962,961.3,958.82,5738209,5501909578.55,118233
RELIANCE,01-Feb-2018,963.25,961.3,972.6,936.6,945,943.85,955.08,7554587,7215260532.4,126370
RELIANCE,02-Feb-2018,935,943.85,943.95,901,901.9,904.35,917.5,13242095,12149575193.3,233056
RELIANCE,05-Feb-2018,894,904.35,912.5,881.8,907,902.15,902.03,8773525,7913964633.25,208567
RELIANCE,06-Feb-2018,877,902.15,898,871,893.4,892.1,884.19,11000567,9726627414.2,223859
RELIANCE,07-Feb-2018,902.55,892.1,905.4,890,892.45,894.4,897.52,7100838,6373167726.65,167780
RELIANCE,08-Feb-2018,897.9,894.4,910.65,892.35,906.2,904.55,903.17,6320734,5708726206.4,184671
RELIANCE,09-Feb-2018,889,904.55,902,886,899.95,897.85,895.97,5294279,4743532839.7,134990
RELIANCE,12-Feb-2018,903,897.85,918.2,902.05,914,915.5,910.17,5429792,4942032259.35,117785
RELIANCE,14-Feb-2018,923,915.5,942.5,921,929,933.65,930.9,10170959,9468181694.9,207422
RELIANCE,15-Feb-2018,937.65,933.65,945.75,928.15,936.1,935.65,938.06,6109454,5731058556.45,110875
RELIANCE,16-Feb-2018,939.6,935.65,942.6,918.1,920.45,921.3,930.32,4401672,4094973054.6,89938
RELIANCE,19-Feb-2018,921,921.3,932,913.55,928.3,927,922.39,4087936,3770665441.35,76979
RELIANCE,20-Feb-2018,929,927,929.55,918.8,919.9,921.1,923.11,3866919,3569595827.9,73125
RELIANCE,21-Feb-2018,930,921.1,932.5,922.15,929,929.35,927.21,5448230,5051677024.3,115472
RELIANCE,22-Feb-2018,922,929.35,931,920,921,924.35,924.97,5118850,4734779150.6,95362
RELIANCE,23-Feb-2018,925.4,924.35,938,922.75,934,934.25,931.77,4850839,4519877656.55,107785
RELIANCE,26-Feb-2018,939,934.25,944.9,936.6,938.75,938.7,941.3,3856478,3630113758.55,76681
RELIANCE,27-Feb-2018,939,938.7,955.8,938.35,951.5,950.5,949.05,6410097,6083477042.25,97701
RELIANCE,28-Feb-2018,945.95,950.5,957.1,943.2,951,954.55,953.33,25898694,24689973325.05,245932
RELIANCE,01-Mar-2018,949.75,954.55,959.9,945.95,948.05,948.4,951.47,4094652,3895948304.25,82999
RELIANCE,05-Mar-2018,943,948.4,950.15,921.6,922.65,924.1,932.35,5634893,5253681530.4,105746
RELIANCE,06-Mar-2018,929,924.1,936.2,905.1,908.65,910.85,926.46,7323680,6785121098.75,119522
RELIANCE,07-Mar-2018,909.25,910.85,909.25,888.05,892.4,889.75,898.07,7247708,6508943482.75,162870
RELIANCE,08-Mar-2018,897.65,889.75,914.5,893.3,911,911.45,903.98,6072983,5489882189.9,110989
RELIANCE,09-Mar-2018,914.9,911.45,919.35,911.05,915,913.1,914.72,4863577,4448821265.35,110348
RELIANCE,12-Mar-2018,920,913.1,933.1,917.55,931.95,930.3,924.01,3801407,3512520944.25,70971
RELIANCE,13-Mar-2018,931.9,930.3,936,921.35,934,931.85,929.52,5096825,4737580483.65,72560
RELIANCE,14-Mar-2018,928.8,931.85,932.05,919.2,931.55,929.05,923.15,6731530,6214195309,79487
RELIANCE,15-Mar-2018,925,929.05,929.45,910,911,911.8,918.37,5811424,5337047119.4,70975
RELIANCE,16-Mar-2018,909,911.8,909.7,886.05,904,900.05,898.82,14087564,12662129927.65,221824
RELIANCE,19-Mar-2018,901,900.05,906.9,892,895,895.5,898.02,5774392,5185519991.5,111279
RELIANCE,20-Mar-2018,893.3,895.5,904,887.05,892,889.8,894.96,6945721,6216141684.45,111138
RELIANCE,21-Mar-2018,894.85,889.8,902.35,893.3,896,896.9,897.27,6727261,6036186651.55,126549
RELIANCE,22-Mar-2018,896,896.9,911.95,895.75,908.9,908.15,907.73,10116965,9183446074.1,135445
RELIANCE,23-Mar-2018,890.6,908.15,900,889.1,892.5,893.9,894.9,10729694,9601998760.5,115124
RELIANCE,26-Mar-2018,893.95,893.9,904.3,892.5,901.5,901.1,898.73,6047262,5434879313.05,121961
RELIANCE,27-Mar-2018,907.2,901.1,910.75,897,898.3,899.8,903.51,6939577,6269986775.15,107921
RELIANCE,28-Mar-2018,895.8,899.8,895.85,880,881.6,882.7,886.65,8759586,7766716375.05,164624
RELIANCE,02-Apr-2018,893,882.7,900.95,886.5,892.95,892.95,894.38,5712065,5108762641.2,138967
RELIANCE,03-Apr-2018,891,892.95,901.7,885.25,901,899.55,891.67,6364728,5675268231.5,106660
RELIANCE,04-Apr-2018,904.7,899.55,911.8,892.05,893.25,894.9,901.57,6498407,5858765070.35,90218
RELIANCE,05-Apr-2018,905.1,894.9,910,903.5,908,908.2,907.4,3898676,3537659969.75,76386
RELIANCE,06-Apr-2018,908,908.2,918.5,905,911.95,911,912.81,4418462,4033221156.45,76788
RELIANCE,09-Apr-2018,912.55,911,919,912.55,915,916,916.01,3572251,3272222859.6,73839
RELIANCE,10-Apr-2018,918.4,916,923.9,914.15,915.5,917.05,919.12,3865402,3552772955.3,80941
RELIANCE,11-Apr-2018,921.8,917.05,932.75,916.05,931.75,930.85,927.88,6007539,5574246154.3,109450
RELIANCE,12-Apr-2018,929.85,930.85,936.65,924.2,927.1,928.7,929.39,4947725,4598362819.55,81750
